,commercial_banks,number_of_bank_cards_issued_into_circulation,number_of_installed_pos_terminals,number_of_installed_atms_and_self_service_kiosks,the_amount_of_transactions_carried_out_through_pos_e_pos_terminals_in_january_december_2025_in_mln_sum
1,SUEUzIncashment,nan,nan,500,nan
2,Nationalbank,4288469,40764,985,30207062.488618948
3,UzbekIndustrialandConstructionBank,2901615,29913,680,15188390.74823454
4,Agrobank,6583574,32249,1966,20138589.51249417
5,Mikrokreditbank,1959819,19829,824,26213150.11218265
6,Xalqbank,10771015,33134,3134,13525128.909602081
7,Garantbank,413212,5879,255,1321823.49581033
8,Businessdevelopmentbank,952883,17200,654,6474559.349373911
9,Turonbank,542490,12626,426,6423484.07410713
10,Hamkorbank,3836193,57383,753,19727296.044675164
11,Asakabank,1478096,15555,277,14558104.11273876
12,IpakYulibank,3605399,24347,1054,15185107.105059478
13,ZiraatBankUzbekistan,94565,1004,8,830848.5363768801
14,Trastbank,1211210,17613,602,16278912.20118688
15,Aloqabank,2747515,14580,250,54057468.386405304
16,Ipoteka-bank,5358308,30937,880,28849786.458034165
17,KDBBankUzbekiston,107891,728,9,934167.1543680099
18,Saderatbank,2535,27,2,9889149.96182297
19,Universalbank,499298,13994,332,8838341.874496331
20,Kapitalbank,864259,13318,1478,21042988.52693031
21,Octobank,1644381,1106,103,27423501.839510553
22,Davr-bank,1111644,10447,105,9456935.21148055
23,InvestFinancebank,844766,11824,889,9190117.92746514
24,AsiaAlliancebank,577508,8557,307,14008736.20823685
25,OrientFinansbank,898607,10466,247,10746814.180234069
26,MadadInvestbank,10386,487,21,181396.77286467
27,AVObank,231198,0,77,6777275.16322987
28,Poytaxtbank,34448,653,37,457156.01333780005
29,Tengebank,1187341,3352,285,2329003.6303203898
30,TBCbank,4211019,6,0,33189807.59561462
31,Anorbank,3549188,1372,0,2155554.5696106697
32,UzumBank,5101198,nan,nan,18413921.47767686
33,APEXBANK,25999,549,342,728624.902855
34,OpenBank,86862,493,8,805173.3550274
35,YANGIBANK,255459,17,nan,727016.8813732199
36,HAYOTBANK,279086,353,nan,13984224.15540176
37,Paymentorganizations,nan,nan,22600,nan
Total,nan,68267436,430762,40090,460259618.93675745
